what,kind,bundleId,bundleVersion,description,time
started,bundle,org.eclipse.jdt.launching,3.6.0.v20110509,"org.eclipse.jdt.launching",1311259697802
started,bundle,org.eclipse.jdt.launching.macosx,3.2.100.v20110509,"org.eclipse.jdt.launching.macosx",1311259697803
started,bundle,org.eclipse.jdt.ui,3.7.0.v20110531-1200,"org.eclipse.jdt.ui",1311259697803
started,bundle,org.eclipse.jem,2.0.500.v201104271400,"org.eclipse.jem",1311259697804
started,bundle,org.eclipse.jem.util,2.1.100.v201103021400,"org.eclipse.jem.util",1311259697805
started,bundle,org.eclipse.jface,3.7.0.I20110522-1430,"org.eclipse.jface",1311259697807
started,bundle,org.eclipse.jsch.core,1.1.300.I20110514-0800,"org.eclipse.jsch.core",1311259697808
started,bundle,org.eclipse.jst.common.project.facet.core,1.4.200.v201103170302,"org.eclipse.jst.common.project.facet.core",1311259697809
started,bundle,org.eclipse.jst.j2ee,1.1.500.v201105122000,"org.eclipse.jst.j2ee",1311259697828
started,bundle,org.eclipse.jst.j2ee.core,1.2.100.v201105122000,"org.eclipse.jst.j2ee.core",1311259697830
started,bundle,org.eclipse.jst.j2ee.navigator.ui,1.1.500.v201012020700,"org.eclipse.jst.j2ee.navigator.ui",1311259697831
started,bundle,org.eclipse.jst.j2ee.ui,1.1.500.v201104151900,"org.eclipse.jst.j2ee.ui",1311259697832
started,bundle,org.eclipse.jst.j2ee.webservice,1.1.400.v201004110600,"org.eclipse.jst.j2ee.webservice",1311259697834
started,bundle,org.eclipse.jst.j2ee.webservice.ui,1.1.500.v201105122000,"org.eclipse.jst.j2ee.webservice.ui",1311259697835
started,bundle,org.eclipse.jst.jee.ui,1.0.400.v201105122000,"org.eclipse.jst.jee.ui",1311259697836
started,bundle,org.eclipse.jst.ws.jaxrs.core,1.0.300.v201011231608,"org.eclipse.jst.ws.jaxrs.core",1311259697837
started,bundle,org.eclipse.jst.ws.jaxws.utils,1.0.0.v201004171919,"org.eclipse.jst.ws.jaxws.utils",1311259697839
started,bundle,org.eclipse.ltk.core.refactoring,3.5.200.v20110505-0800,"org.eclipse.ltk.core.refactoring",1311259697840
started,bundle,org.eclipse.ltk.ui.refactoring,3.6.0.v20110505-0800,"org.eclipse.ltk.ui.refactoring",1311259697842
started,bundle,org.eclipse.mylyn.bugzilla.core,3.6.0.v20110608-1400,"org.eclipse.mylyn.bugzilla.core",1311259697867
started,bundle,org.eclipse.mylyn.bugzilla.ui,3.6.0.v20110608-1400,"org.eclipse.mylyn.bugzilla.ui",1311259697916
started,bundle,org.eclipse.mylyn.commons.identity,0.8.0.v20110608-1400,"org.eclipse.mylyn.commons.identity",1311259697917
started,bundle,org.eclipse.mylyn.commons.net,3.6.0.v20110608-1400,"org.eclipse.mylyn.commons.net",1311259697917
started,bundle,org.eclipse.mylyn.commons.ui,3.6.0.v20110608-1400,"org.eclipse.mylyn.commons.ui",1311259697918
started,bundle,org.eclipse.mylyn.context.core,3.6.0.v20110608-1400,"org.eclipse.mylyn.context.core",1311259697919
started,bundle,org.eclipse.mylyn.context.ui,3.6.0.v20110608-1400,"org.eclipse.mylyn.context.ui",1311259697921
started,bundle,org.eclipse.mylyn.monitor.ui,3.6.0.v20110608-1400,"org.eclipse.mylyn.monitor.ui",1311259697921
started,bundle,org.eclipse.mylyn.tasks.ui,3.6.0.v20110608-1400,"org.eclipse.mylyn.tasks.ui",1311259697923
started,bundle,org.eclipse.mylyn.team.ui,3.6.0.v20110608-1400,"org.eclipse.mylyn.team.ui",1311259697925
started,bundle,org.eclipse.search,3.7.0.v20110505-0800,"org.eclipse.search",1311259697926
started,bundle,org.eclipse.team.core,3.6.0.I20110525-0800,"org.eclipse.team.core",1311259697929
started,bundle,org.eclipse.team.cvs.core,3.3.400.I20110510-0800,"org.eclipse.team.cvs.core",1311259697931
started,bundle,org.eclipse.team.cvs.ui,3.3.400.I20110510-0800,"org.eclipse.team.cvs.ui",1311259697933
started,bundle,org.eclipse.team.ui,3.6.100.I20110525-0800,"org.eclipse.team.ui",1311259697934
started,bundle,org.eclipse.ui,3.7.0.I20110602-0100,"org.eclipse.ui",1311259697937
started,bundle,org.eclipse.ui.console,3.5.100.v20110511,"org.eclipse.ui.console",1311259697938
started,bundle,org.eclipse.ui.editors,3.7.0.v20110517-0800,"org.eclipse.ui.editors",1311259697938
started,bundle,org.eclipse.ui.forms,3.5.100.v20110425,"org.eclipse.ui.forms",1311259697950
started,bundle,org.eclipse.ui.ide,3.7.0.I20110519-0100,"org.eclipse.ui.ide",1311259697953
started,bundle,org.eclipse.ui.navigator,3.5.100.I20110524-0800,"org.eclipse.ui.navigator",1311259697955
started,bundle,org.eclipse.ui.navigator.resources,3.4.300.I20110421-1800,"org.eclipse.ui.navigator.resources",1311259697956
started,bundle,org.eclipse.ui.net,1.2.100.I20110511-0800,"org.eclipse.ui.net",1311259697957
started,bundle,org.eclipse.ui.views,3.6.0.I20110412-0800,"org.eclipse.ui.views",1311259697958
started,bundle,org.eclipse.ui.workbench,3.7.0.I20110519-0100,"org.eclipse.ui.workbench",1311259697960
started,bundle,org.eclipse.ui.workbench.texteditor,3.7.0.v20110505-0800,"org.eclipse.ui.workbench.texteditor",1311259697962
started,bundle,org.eclipse.update.configurator,3.3.100.v20100512,"org.eclipse.update.configurator",1311259697963
started,bundle,org.eclipse.update.core,3.2.500.v20110330,"org.eclipse.update.core",1311259697964
started,bundle,org.eclipse.wst.common.core,1.2.0.v200908252030,"org.eclipse.wst.common.core",1311259697979
started,bundle,org.eclipse.wst.common.emf,1.2.100.v201101101900,"org.eclipse.wst.common.emf",1311259697992
started,bundle,org.eclipse.wst.common.emfworkbench.integration,1.2.100.v201011172300,"org.eclipse.wst.common.emfworkbench.integration",1311259697993
started,bundle,org.eclipse.wst.common.frameworks,1.2.100.v201105122000,"org.eclipse.wst.common.frameworks",1311259697994
started,bundle,org.eclipse.wst.common.frameworks.ui,1.2.100.v201105122000,"org.eclipse.wst.common.frameworks.ui",1311259697995
started,bundle,org.eclipse.wst.common.modulecore,1.2.100.v201105191800,"org.eclipse.wst.common.modulecore",1311259698070
started,bundle,org.eclipse.wst.common.project.facet.core,1.4.200.v201103170332,"org.eclipse.wst.common.project.facet.core",1311259698071
started,bundle,org.eclipse.wst.jsdt.core,1.1.100.v201104272153,"org.eclipse.wst.jsdt.core",1311259698073
started,bundle,org.eclipse.wst.jsdt.manipulation,1.0.300.v201104272153,"org.eclipse.wst.jsdt.manipulation",1311259698074
started,bundle,org.eclipse.wst.jsdt.ui,1.1.100.v201105041953,"org.eclipse.wst.jsdt.ui",1311259698079
started,bundle,org.eclipse.wst.validation,1.2.300.v201104190230,"org.eclipse.wst.validation",1311259698081
started,bundle,org.eclipse.wst.web,1.1.500.v201104251400,"org.eclipse.wst.web",1311259698081
started,bundle,org.eclipse.wst.xml.core,1.1.600.v201104251227,"org.eclipse.wst.xml.core",1311259698093
started,bundle,org.eclipse.m2e.core,1.0.0.20110607-2117,"org.eclipse.m2e.core",1311259698095
started,bundle,org.eclipse.m2e.jdt,1.0.0.20110607-2117,"org.eclipse.m2e.jdt",1311259698096
started,bundle,com.google.gdt.eclipse.core,2.3.2.r37v201106211634,"com.google.gdt.eclipse.core",1311259698097
started,bundle,com.google.gdt.eclipse.login,2.3.2.r37v201106211634,"com.google.gdt.eclipse.login",1311259698098
started,bundle,com.google.gdt.eclipse.managedapis,2.3.2.r37v201106211634,"com.google.gdt.eclipse.managedapis",1311259698099
started,bundle,com.google.gdt.eclipse.platform.e37,2.3.2.r37v201106211634,"com.google.gdt.eclipse.platform.e37",1311259698099
started,bundle,com.google.gdt.eclipse.platform.shared,2.3.2.r37v201106211634,"com.google.gdt.eclipse.platform.shared",1311259698100
started,bundle,com.google.gwt.eclipse.core,2.3.2.r37v201106211634,"com.google.gwt.eclipse.core",1311259698101
os,sysinfo,,,"macosx",1311259698159
arch,sysinfo,,,"x86_64",1311259698159
ws,sysinfo,,,"cocoa",1311259698159
locale,sysinfo,,,"en_US",1311259698159
processors,sysinfo,,,"2",1311259698159
java.runtime.name,sysinfo,,,"Java(TM) SE Runtime Environment",1311259698159
java.runtime.version,sysinfo,,,"1.6.0_26-b03-383-11A511",1311259698159
java.specification.name,sysinfo,,,"Java Platform API Specification",1311259698159
java.specification.vendor,sysinfo,,,"Sun Microsystems Inc.",1311259698159
java.specification.version,sysinfo,,,"1.6",1311259698159
java.vendor,sysinfo,,,"Apple Inc.",1311259698159
java.version,sysinfo,,,"1.6.0_26",1311259698159
java.vm.info,sysinfo,,,"mixed mode",1311259698159
java.vm.name,sysinfo,,,"Java HotSpot(TM) 64-Bit Server VM",1311259698159
java.vm.specification.name,sysinfo,,,"Java Virtual Machine Specification",1311259698159
java.vm.specification.vendor,sysinfo,,,"Sun Microsystems Inc.",1311259698159
java.vm.specification.version,sysinfo,,,"1.0",1311259698159
java.vm.vendor,sysinfo,,,"Apple Inc.",1311259698159
java.vm.version,sysinfo,,,"20.1-b02-383",1311259698159
started,bundle,org.eclipse.m2e.usagedata,1.0.0.20110607-2117,"org.eclipse.m2e.usagedata",1311259698178
started,bundle,org.eclipse.update.scheduler,3.2.300.v20100512,"org.eclipse.update.scheduler",1311259698391
started,bundle,org.eclipse.wb.core.lib,1.0.0.r37x201106161401,"org.eclipse.wb.core.lib",1311259698432
started,bundle,org.eclipse.wb.core,1.0.0.r37x201106161401,"org.eclipse.wb.core",1311259698677
started,bundle,com.google.gdt.eclipse.designer,2.3.2.r37x201106201351,"com.google.gdt.eclipse.designer",1311259698679
started,bundle,com.google.gdt.eclipse.designer.hosted,2.3.2.r37x201106161421,"com.google.gdt.eclipse.designer.hosted",1311259698794
started,bundle,com.google.gdt.eclipse.designer.hosted.2_2,2.3.2.r37x201106161421,"com.google.gdt.eclipse.designer.hosted.2_2",1311259700704
started,bundle,com.google.gdt.eclipse.designer.hosted.lib,2.3.2.r37x201106161421,"com.google.gdt.eclipse.designer.hosted.lib",1311259700766
deactivated,workbench,org.eclipse.ui.workbench,3.7.0.I20110519-0100,"",1311259701139
started,bundle,com.google.appengine.eclipse.core,2.3.2.r37v201106211634,"com.google.appengine.eclipse.core",1311259707141
started,bundle,org.eclipse.jdt.apt.core,3.3.500.v20110420-1015,"org.eclipse.jdt.apt.core",1311259707293
started,bundle,com.google.gdt.eclipse.maven,2.3.2.r37v201106211634,"com.google.gdt.eclipse.maven",1311259715364
started,bundle,com.google.gdt.eclipse.suite,2.3.2.r37v201106211634,"com.google.gdt.eclipse.suite",1311259717578
started,bundle,org.eclipse.jst.servlet.ui,1.1.500.v201105122000,"org.eclipse.jst.servlet.ui",1311259718454
started,bundle,org.eclipse.jdt.apt.pluggable.core,1.0.400.v20110305-1450,"org.eclipse.jdt.apt.pluggable.core",1311259721708
started,bundle,org.eclipse.core.variables,3.2.500.v20110511,"org.eclipse.core.variables",1311259723580
activated,workbench,org.eclipse.ui.workbench,3.7.0.I20110519-0100,"",1311259725151
deactivated,workbench,org.eclipse.ui.workbench,3.7.0.I20110519-0100,"",1311259729619
activated,workbench,org.eclipse.ui.workbench,3.7.0.I20110519-0100,"",1311259736168
started,bundle,org.eclipse.mylyn.ide.ui,3.6.0.v20110608-1400,"org.eclipse.mylyn.ide.ui",1311259740851
started,bundle,org.eclipse.jpt.jaxb.ui,1.1.0.v201105180000,"org.eclipse.jpt.jaxb.ui",1311259740974
started,bundle,org.eclipse.jpt.jpa.ui,3.0.0.v201105170000,"org.eclipse.jpt.jpa.ui",1311259741039
started,bundle,org.eclipse.jpt.common.core,1.0.0.v201105180000,"org.eclipse.jpt.common.core",1311259741041
started,bundle,org.eclipse.jpt.jpa.core,3.0.0.v201105250001,"org.eclipse.jpt.jpa.core",1311259741056
started,bundle,org.eclipse.jst.ws.jaxws.ui,1.0.100.v201104032053,"org.eclipse.jst.ws.jaxws.ui",1311259741337
started,bundle,org.eclipse.mylyn.java.ui,3.6.0.v20110608-1400,"org.eclipse.mylyn.java.ui",1311259741449
started,bundle,org.eclipse.pde.api.tools,1.0.300.v20110523-1600,"org.eclipse.pde.api.tools",1311259741698
started,bundle,org.eclipse.pde.api.tools.ui,1.0.300.v20110523-1600,"org.eclipse.pde.api.tools.ui",1311259741702
started,bundle,org.eclipse.jpt.jaxb.core,1.0.0.v201105240000,"org.eclipse.jpt.jaxb.core",1311259748894
executed,command,org.eclipse.ui,3.7.0.I20110602-0100,"org.eclipse.ui.edit.text.contentAssist.proposals",1311259751006
started,bundle,org.eclipse.jdt.junit,3.7.0.v20110505-0800,"org.eclipse.jdt.junit",1311259751112
started,bundle,org.eclipse.pde.launching,3.6.0.v20110506,"org.eclipse.pde.launching",1311259751216
started,bundle,org.eclipse.ui.views.log,1.0.200.v20110404,"org.eclipse.ui.views.log",1311259751230
started,bundle,org.eclipse.pde.ui,3.6.100.v20110603,"org.eclipse.pde.ui",1311259751242
deactivated,workbench,org.eclipse.ui.workbench,3.7.0.I20110519-0100,"",1311259765614
activated,workbench,org.eclipse.ui.workbench,3.7.0.I20110519-0100,"",1311259776531
opened,view,org.eclipse.ui.ide,3.7.0.I20110519-0100,"org.eclipse.ui.views.ProgressView",1311259787017
activated,view,org.eclipse.ui.ide,3.7.0.I20110519-0100,"org.eclipse.ui.views.ProgressView",1311259787585
started,bundle,org.eclipse.m2e.editor.xml,1.0.0.20110607-2117,"org.eclipse.m2e.editor.xml",1311259789659
started,bundle,org.eclipse.wst.sse.core,1.1.600.v201105162116,"org.eclipse.wst.sse.core",1311259789923
started,bundle,org.eclipse.wst.common.uriresolver,1.1.401.v201004280700,"org.eclipse.wst.common.uriresolver",1311259790780
started,bundle,org.eclipse.m2e.core.ui,1.0.0.20110607-2117,"org.eclipse.m2e.core.ui",1311259791139
started,bundle,org.eclipse.ant.ui,3.5.100.v20110510,"org.eclipse.ant.ui",1311259791956
activated,editor,com.google.gwt.eclipse.core,2.3.2.r37v201106211634,"com.google.gwt.eclipse.core.editors.gwtJavaEditor",1311259810215
deactivated,workbench,org.eclipse.ui.workbench,3.7.0.I20110519-0100,"",1311259814577
activated,workbench,org.eclipse.ui.workbench,3.7.0.I20110519-0100,"",1311259824596
deactivated,workbench,org.eclipse.ui.workbench,3.7.0.I20110519-0100,"",1311259826430
started,bundle,com.google.gdt.eclipse.designer.UiBinder,2.3.2.r37x201106201351,"com.google.gdt.eclipse.designer.UiBinder",1311259902823
activated,workbench,org.eclipse.ui.workbench,3.7.0.I20110519-0100,"",1311259914331
deactivated,workbench,org.eclipse.ui.workbench,3.7.0.I20110519-0100,"",1311259916905
activated,workbench,org.eclipse.ui.workbench,3.7.0.I20110519-0100,"",1311259917345
started,bundle,org.eclipse.wst.css.core,1.1.500.v201104191926,"org.eclipse.wst.css.core",1311259918317
started,bundle,org.eclipse.jst.jsp.core,1.2.400.v201105162116,"org.eclipse.jst.jsp.core",1311259918940
deactivated,workbench,org.eclipse.ui.workbench,3.7.0.I20110519-0100,"",1311259919430
started,bundle,org.eclipse.wst.dtd.core,1.1.500.v201103300335,"org.eclipse.wst.dtd.core",1311259919630
started,bundle,org.eclipse.wst.html.core,1.1.500.v201104191551,"org.eclipse.wst.html.core",1311259922208
started,bundle,org.eclipse.jst.jee,1.0.401.v201105122000,"org.eclipse.jst.jee",1311259922421
activated,workbench,org.eclipse.ui.workbench,3.7.0.I20110519-0100,"",1311260003908
deactivated,workbench,org.eclipse.ui.workbench,3.7.0.I20110519-0100,"",1311260004607
activated,workbench,org.eclipse.ui.workbench,3.7.0.I20110519-0100,"",1311260005852
closed,workbench,org.eclipse.ui.workbench,3.7.0.I20110519-0100,"",1311260006375
started,bundle,org.eclipse.compare,3.5.200.I20110525-0800,"org.eclipse.compare",1311260007935
stopped,bundle,org.eclipse.jst.ws.axis.creation.ui,1.0.700.v201104070312,"org.eclipse.jst.ws.axis.creation.ui",1311260008383
stopped,bundle,org.eclipse.jst.ws.axis.consumption.ui,1.0.505.v201004211805,"org.eclipse.jst.ws.axis.consumption.ui",1311260008384
stopped,bundle,org.eclipse.jst.ws.axis.consumption.core,1.0.407.v201104071820,"org.eclipse.jst.ws.axis.consumption.core",1311260008384
stopped,bundle,org.eclipse.jst.ws.axis2.creation.ui,1.0.104.v201004211805,"org.eclipse.jst.ws.axis2.creation.ui",1311260008384
stopped,bundle,org.eclipse.jst.ws.axis2.consumption.ui,1.0.103.v201004211805,"org.eclipse.jst.ws.axis2.consumption.ui",1311260008384
stopped,bundle,org.eclipse.jst.ws.axis2.creation.core,1.0.106.v201004211805,"org.eclipse.jst.ws.axis2.creation.core",1311260008384
stopped,bundle,org.eclipse.jst.ws.axis2.consumption.core,1.0.105.v201004211805,"org.eclipse.jst.ws.axis2.consumption.core",1311260008384
stopped,bundle,org.eclipse.jst.ws.axis2.ui,1.0.303.v201003110431,"org.eclipse.jst.ws.axis2.ui",1311260008384
stopped,bundle,org.eclipse.jst.ws.axis2.core,1.0.204.v201004211805,"org.eclipse.jst.ws.axis2.core",1311260008384
stopped,bundle,org.eclipse.jst.ws.cxf.creation.ui,1.0.100.v201104022153,"org.eclipse.jst.ws.cxf.creation.ui",1311260008384
stopped,bundle,org.eclipse.jst.ws.creation.ui,1.0.609.v201103082016,"org.eclipse.jst.ws.creation.ui",1311260008384
stopped,bundle,org.eclipse.jst.ws.cxf.consumption.ui,1.0.0.v201003222311,"org.eclipse.jst.ws.cxf.consumption.ui",1311260008384
stopped,bundle,org.eclipse.jst.ws.consumption.ui,1.1.400.v201103082016,"org.eclipse.jst.ws.consumption.ui",1311260008384
stopped,bundle,org.eclipse.jst.ws.consumption,1.0.600.v201103082016,"org.eclipse.jst.ws.consumption",1311260008384
stopped,bundle,org.eclipse.jst.ws.cxf.consumption.core,1.0.0.v201003222311,"org.eclipse.jst.ws.cxf.consumption.core",1311260008384
stopped,bundle,org.eclipse.jst.ws.cxf.creation.core,1.0.100.v201104022153,"org.eclipse.jst.ws.cxf.creation.core",1311260008384
stopped,bundle,org.eclipse.jst.ws.cxf.ui,1.0.0.v201004171919,"org.eclipse.jst.ws.cxf.ui",1311260008384
stopped,bundle,org.eclipse.jst.ws.cxf.core,1.0.100.v201104022153,"org.eclipse.jst.ws.cxf.core",1311260008384
stopped,bundle,org.eclipse.jst.ws.uddiregistry,1.0.500.v201004211805,"org.eclipse.jst.ws.uddiregistry",1311260008384
stopped,bundle,org.eclipse.jst.ws.ui,1.0.403.v201004211805,"org.eclipse.jst.ws.ui",1311260008384
stopped,bundle,org.eclipse.jst.ws,1.0.508.v201104071820,"org.eclipse.jst.ws",1311260008384
stopped,bundle,org.eclipse.wst.ws.explorer,1.0.607.v201103082002,"org.eclipse.wst.ws.explorer",1311260008385
stopped,bundle,org.eclipse.wst.wsdl.ui,1.2.402.v201105050214,"org.eclipse.wst.wsdl.ui",1311260008385
stopped,bundle,org.eclipse.wst.ws.ui,1.1.200.v201004211805,"org.eclipse.wst.ws.ui",1311260008385
stopped,bundle,org.eclipse.wst.wsi.ui,1.0.502.v201104071820,"org.eclipse.wst.wsi.ui",1311260008385
stopped,bundle,org.eclipse.wst.wsi,1.0.401.v201104071820,"org.eclipse.wst.wsi",1311260008385
stopped,bundle,org.eclipse.wst.ws,1.1.203.v201004211805,"org.eclipse.wst.ws",1311260008385
stopped,bundle,org.eclipse.jst.j2ee.webservice.ui,1.1.500.v201105122000,"org.eclipse.jst.j2ee.webservice.ui",1311260008387
stopped,bundle,org.eclipse.jst.j2ee.webservice,1.1.400.v201004110600,"org.eclipse.jst.j2ee.webservice",1311260008387
stopped,bundle,org.eclipse.wst.ws.parser,1.0.403.v201004211805,"org.eclipse.wst.ws.parser",1311260008387
stopped,bundle,org.eclipse.jpt.dbws.eclipselink.ui,1.0.0.v201104110000,"org.eclipse.jpt.dbws.eclipselink.ui",1311260008387
stopped,bundle,org.eclipse.datatools.enablement.hsqldb.ui,1.0.0.v200906020900,"org.eclipse.datatools.enablement.hsqldb.ui",1311260008387
stopped,bundle,org.eclipse.datatools.enablement.ingres.ui,1.0.0.v201105270214,"org.eclipse.datatools.enablement.ingres.ui",1311260008387
stopped,bundle,org.eclipse.datatools.enablement.postgresql.ui,1.0.0.v200906020900,"org.eclipse.datatools.enablement.postgresql.ui",1311260008387
stopped,bundle,org.eclipse.datatools.enablement.sqlite.ui,1.0.0.v200906020900,"org.eclipse.datatools.enablement.sqlite.ui",1311260008387
stopped,bundle,org.eclipse.jpt.jpa.eclipselink.ui,2.0.0.v201104270001,"org.eclipse.jpt.jpa.eclipselink.ui",1311260008387
stopped,bundle,org.eclipse.jpt.jpa.ui,3.0.0.v201105170000,"org.eclipse.jpt.jpa.ui",1311260008424
stopped,bundle,org.eclipse.datatools.connectivity.db.generic.ui,1.0.1.v201004070709,"org.eclipse.datatools.connectivity.db.generic.ui",1311260008424
stopped,bundle,org.eclipse.datatools.connectivity.apache.derby.ui,1.0.3.v201007080903,"org.eclipse.datatools.connectivity.apache.derby.ui",1311260008424
stopped,bundle,org.eclipse.datatools.enablement.sybase.asa.schemaobjecteditor.examples,2.5.0.200810071,"org.eclipse.datatools.enablement.sybase.asa.schemaobjecteditor.examples",1311260008424
stopped,bundle,org.eclipse.datatools.enablement.sybase.asa.ui,1.0.1.v200906111150,"org.eclipse.datatools.enablement.sybase.asa.ui",1311260008424
stopped,bundle,org.eclipse.datatools.enablement.sybase.ase.ui,1.0.1.v200906020900,"org.eclipse.datatools.enablement.sybase.ase.ui",1311260008424
stopped,bundle,org.eclipse.datatools.enablement.sybase.ui,1.0.0.v200906090458,"org.eclipse.datatools.enablement.sybase.ui",1311260008424
stopped,bundle,org.eclipse.datatools.sqltools.data.ui,1.2.1.v201010270945,"org.eclipse.datatools.sqltools.data.ui",1311260008424
stopped,bundle,org.eclipse.datatools.connectivity.sqm.server.ui,1.1.100.v201009280455,"org.eclipse.datatools.connectivity.sqm.server.ui",1311260008424
stopped,bundle,org.eclipse.datatools.sqltools.ddlgen.ui,1.0.1.v201002270530,"org.eclipse.datatools.sqltools.ddlgen.ui",1311260008424
stopped,bundle,org.eclipse.datatools.sqltools.db.derby.ui,1.0.0.v200906020900,"org.eclipse.datatools.sqltools.db.derby.ui",1311260008424
stopped,bundle,org.eclipse.datatools.sqltools.db.generic.ui,1.0.0.v200906020900,"org.eclipse.datatools.sqltools.db.generic.ui",1311260008424
stopped,bundle,org.eclipse.datatools.sqltools.debugger.core.ui,1.0.0.v201003161000,"org.eclipse.datatools.sqltools.debugger.core.ui",1311260008424
stopped,bundle,org.eclipse.datatools.sqltools.routineeditor.ui,1.0.1.v201004060545,"org.eclipse.datatools.sqltools.routineeditor.ui",1311260008424
stopped,bundle,org.eclipse.datatools.sqltools.sqlbuilder,1.0.3.v201009131745,"org.eclipse.datatools.sqltools.sqlbuilder",1311260008424
stopped,bundle,org.eclipse.datatools.sqltools.debugger.core,1.0.1.v201005250945,"org.eclipse.datatools.sqltools.debugger.core",1311260008424
stopped,bundle,org.eclipse.datatools.sqltools.schemaobjecteditor.ui.pages,1.1.0.200810071,"org.eclipse.datatools.sqltools.schemaobjecteditor.ui.pages",1311260008424
stopped,bundle,org.eclipse.datatools.sqltools.schemaobjecteditor.ui,1.1.1.200810071,"org.eclipse.datatools.sqltools.schemaobjecteditor.ui",1311260008424
stopped,bundle,org.eclipse.datatools.sqltools.sqlscrapbook,1.0.1.v201005250945,"org.eclipse.datatools.sqltools.sqlscrapbook",1311260008425
stopped,bundle,org.eclipse.datatools.sqltools.sqleditor,1.0.2.v201009230800,"org.eclipse.datatools.sqltools.sqleditor",1311260008425
stopped,bundle,org.eclipse.datatools.sqltools.editor.core.ui,1.0.0.v201001150815,"org.eclipse.datatools.sqltools.editor.core.ui",1311260008425
stopped,bundle,org.eclipse.datatools.sqltools.tabledataeditor,1.0.1.v201005250945,"org.eclipse.datatools.sqltools.tabledataeditor",1311260008425
stopped,bundle,org.eclipse.datatools.connectivity.sqm.core.ui,1.2.0.v201002281800,"org.eclipse.datatools.connectivity.sqm.core.ui",1311260008425
stopped,bundle,org.eclipse.jst.j2ee.ejb.annotations.ui,1.1.200.v201004290730,"org.eclipse.jst.j2ee.ejb.annotations.ui",1311260008425
stopped,bundle,org.eclipse.datatools.connectivity.ui.dse,1.1.4.v201004270430,"org.eclipse.datatools.connectivity.ui.dse",1311260008425
stopped,bundle,org.eclipse.jst.j2ee.xdoclet.runtime,1.1.300.v201004280700,"org.eclipse.jst.j2ee.xdoclet.runtime",1311260008425
stopped,bundle,org.eclipse.jst.j2ee.ejb.annotations.xdoclet,1.2.200.v201103302125,"org.eclipse.jst.j2ee.ejb.annotations.xdoclet",1311260008425
stopped,bundle,org.eclipse.jst.jsf.apache.trinidad.tagsupport,1.1.200.v201104061711,"org.eclipse.jst.jsf.apache.trinidad.tagsupport",1311260008425
stopped,bundle,org.eclipse.jst.jsf.facesconfig.ui,1.2.2.v201103292152,"org.eclipse.jst.jsf.facesconfig.ui",1311260008425
stopped,bundle,org.eclipse.jst.jsf.facelet.ui,1.0.1.v201104032306,"org.eclipse.jst.jsf.facelet.ui",1311260008425
stopped,bundle,org.eclipse.jst.jsf.ui,1.3.2.v201104251204,"org.eclipse.jst.jsf.ui",1311260008425
stopped,bundle,org.eclipse.jst.pagedesigner.jsf.ui,1.2.100.v201104061711,"org.eclipse.jst.pagedesigner.jsf.ui",1311260008425
stopped,bundle,org.eclipse.jst.pagedesigner,1.3.3.v201104032306,"org.eclipse.jst.pagedesigner",1311260008425
stopped,bundle,org.eclipse.jst.jsf.common.ui,1.2.100.v201104061711,"org.eclipse.jst.jsf.common.ui",1311260008425
stopped,bundle,org.eclipse.pde.ua.ui,1.0.100.v20110516,"org.eclipse.pde.ua.ui",1311260008425
stopped,bundle,org.eclipse.datatools.connectivity.oda.template.ui,3.2.1.v201004090942,"org.eclipse.datatools.connectivity.oda.template.ui",1311260008425
stopped,bundle,org.eclipse.pde.api.tools.ui,1.0.300.v20110523-1600,"org.eclipse.pde.api.tools.ui",1311260008425
stopped,bundle,org.eclipse.pde.ds.ui,1.0.100.v20110516,"org.eclipse.pde.ds.ui",1311260008425
stopped,bundle,org.eclipse.pde.runtime,3.4.200.v20110508,"org.eclipse.pde.runtime",1311260008425
stopped,bundle,org.eclipse.pde.ui.templates,3.4.400.v20110516,"org.eclipse.pde.ui.templates",1311260008425
stopped,bundle,org.eclipse.pde.ui,3.6.100.v20110603,"org.eclipse.pde.ui",1311260008429
stopped,bundle,org.eclipse.ui.cheatsheets,3.4.100.v20110425,"org.eclipse.ui.cheatsheets",1311260008429
stopped,bundle,org.eclipse.help.ui,3.5.100.v20110425,"org.eclipse.help.ui",1311260008429
stopped,bundle,org.eclipse.help.webapp,3.6.0.v20110518,"org.eclipse.help.webapp",1311260008429
stopped,bundle,org.eclipse.epp.mpc.ui,1.1.0.I20110525-0742,"org.eclipse.epp.mpc.ui",1311260008429
stopped,bundle,org.eclipse.epp.usagedata.ui,1.3.1.R201106061540,"org.eclipse.epp.usagedata.ui",1311260008429
stopped,bundle,org.eclipse.ui.intro.universal,3.2.500.v20110510,"org.eclipse.ui.intro.universal",1311260008429
stopped,bundle,org.eclipse.wtp.epp.package.jee.intro,1.3.0.v201006142040,"org.eclipse.wtp.epp.package.jee.intro",1311260008429
stopped,bundle,org.eclipse.ui.intro,3.4.100.v20110425,"org.eclipse.ui.intro",1311260008429
stopped,bundle,org.eclipse.help.base,3.6.0.v201106131736,"org.eclipse.help.base",1311260008432
stopped,bundle,org.eclipse.equinox.http.jetty,2.0.100.v20110502,"org.eclipse.equinox.http.jetty",1311260008433
stopped,bundle,org.eclipse.wst.server.preview,1.1.100.v20091208,"org.eclipse.wst.server.preview",1311260008433
stopped,bundle,com.google.gdt.eclipse.gph.e36,2.3.2.r37v201106211634,"com.google.gdt.eclipse.gph.e36",1311260008433
stopped,bundle,com.google.gdt.eclipse.gph.hge,2.3.2.r37v201106211634,"com.google.gdt.eclipse.gph.hge",1311260008433
stopped,bundle,com.google.gdt.eclipse.gph.subclipse,2.3.2.r37v201106211634,"com.google.gdt.eclipse.gph.subclipse",1311260008433
stopped,bundle,com.google.gdt.eclipse.gph.subversive,2.3.2.r37v201106211634,"com.google.gdt.eclipse.gph.subversive",1311260008433
stopped,bundle,com.google.gdt.eclipse.gph,2.3.2.r37v201106211634,"com.google.gdt.eclipse.gph",1311260008433
stopped,bundle,com.google.gdt.eclipse.managedapis,2.3.2.r37v201106211634,"com.google.gdt.eclipse.managedapis",1311260008442
stopped,bundle,com.google.gdt.eclipse.maven,2.3.2.r37v201106211634,"com.google.gdt.eclipse.maven",1311260008442
stopped,bundle,com.google.gdt.eclipse.suite,2.3.2.r37v201106211634,"com.google.gdt.eclipse.suite",1311260008442
stopped,bundle,com.google.appengine.eclipse.core,2.3.2.r37v201106211634,"com.google.appengine.eclipse.core",1311260008442
stopped,bundle,com.google.gdt.eclipse.login,2.3.2.r37v201106211634,"com.google.gdt.eclipse.login",1311260008442
stopped,bundle,com.google.gwt.eclipse.oophm,2.3.2.r37v201106211634,"com.google.gwt.eclipse.oophm",1311260008442
stopped,bundle,com.google.gwt.eclipse.sdkbundle,2.3.0.r37v201106211634,"com.google.gwt.eclipse.sdkbundle",1311260008442
stopped,bundle,com.google.gwt.eclipse.core,2.3.2.r37v201106211634,"com.google.gwt.eclipse.core",1311260008559
